HEADER	H10	CUSTOMERS ALSO PURCHASED:	NULL	NULL	NULL	NULL
HEADER	H11	today's top sellers	NULL	NULL	NULL	NULL
HEADER	H12	shop web buster™ specials	NULL	NULL	NULL	NULL
HEADER	H13	customers also viewed	NULL	NULL	NULL	NULL
HEADER	H14	CUSTOMERS ALSO PURCHASED	NULL	NULL	NULL	NULL
HEADER	H15	try this item with...	NULL	NULL	NULL	NULL
HEADER	H16	complete the look	NULL	NULL	NULL	NULL
HEADER	H17	shop Clinique	NULL	NULL	NULL	NULL
HEADER	H18	shop Black Friday specials	NULL	NULL	NULL	NULL
HEADER	H19	shop Friends & Family now!	NULL	NULL	NULL	NULL
HEADER	H2	frequently bought together	NULL	NULL	NULL	NULL
HEADER	H20	shop limited-time specials	NULL	NULL	NULL	NULL
HEADER	H21	shop Cyber Monday specials	NULL	NULL	NULL	NULL
HEADER	H22	shop limited-time specials	NULL	NULL	NULL	NULL
HEADER	H23	RECOMMENDED FOR YOU	NULL	NULL	NULL	NULL
HEADER	H24	customers who purchased this also purchased	NULL	NULL	NULL	NULL
HEADER	H25	more styles you'll love...	NULL	NULL	NULL	NULL
HEADER	H26	extra 25% or 10% off during Friends & Family!	NULL	NULL	NULL	NULL
HEADER	H27	shop Friends & Family	NULL	NULL	NULL	NULL
HEADER	H28	more great picks...	NULL	NULL	NULL	NULL
HEADER	H29	may we suggest...	NULL	NULL	NULL	NULL
HEADER	H3	customers also bought	NULL	NULL	NULL	NULL
HEADER	H30	great gifts for dad	NULL	NULL	NULL	NULL
HEADER	H31	top stocking stuffers	NULL	NULL	NULL	NULL
HEADER	H32	shop top gifts	NULL	NULL	NULL	NULL
HEADER	H33	shop Web Busters	NULL	NULL	NULL	NULL
HEADER	H34	shop customer faves	NULL	NULL	NULL	NULL
HEADER	H35	wear it with	NULL	NULL	NULL	NULL
HEADER	H36	shop late-breaking specials	NULL	NULL	NULL	NULL
HEADER	H37	style it with	NULL	NULL	NULL	NULL
HEADER	H38	now trending	NULL	NULL	NULL	NULL
HEADER	H39	Add more to your bag to get Free Shipping! Exclusions apply.	NULL	NULL	NULL	NULL
HEADER	H4	our top picks	NULL	NULL	NULL	NULL
HEADER	H40	<<CustomerName ::>>here are a few finds you'll love!	NULL	NULL	NULL	NULL
HEADER	H41	don't miss these items<< CustomerName::, hurry!>>	NULL	NULL	NULL	NULL
HEADER	H42	<<CustomerName's::your>> favorites	NULL	NULL	NULL	NULL
HEADER	H43	<<CustomerName::Hey>>! Don't miss these items -- we're selling out fast<<, CustomerName::>>!	NULL	NULL	NULL	NULL
HEADER	H47	TRENDING NOW	NULL	NULL	NULL	NULL
HEADER	H48	Trending Now	NULL	NULL	NULL	NULL
HEADER	H49	trending now	NULL	NULL	NULL	NULL
HEADER	H5	you might also like...	NULL	NULL	NULL	NULL
HEADER	H50	recommended for you	NULL	NULL	NULL	NULL
HEADER	H51	Inspired by <<CustomerName's::your>> shopping trends	NULL	NULL	NULL	NULL
HEADER	H52	Inspired by <<CustomerName's::your>> recent searches	NULL	NULL	NULL	NULL
HEADER	H53	customers who viewed this also bought	NULL	NULL	NULL	NULL
HEADER	H54	customers who bought this also like	NULL	NULL	NULL	NULL
HEADER	H55	others also bought	NULL	NULL	NULL	NULL
HEADER	H56	shop these great looks, too!	NULL	NULL	NULL	NULL
HEADER	H57	our customers love these items	NULL	NULL	NULL	NULL
HEADER	H58	items related to your purchase	NULL	NULL	NULL	NULL
HEADER	H59	Now trending for Black Friday	NULL	NULL	NULL	NULL
HEADER	H6	Best Sellers	NULL	NULL	NULL	NULL
HEADER	H60	Now trending for Cyber Monday	NULL	NULL	NULL	NULL
HEADER	H61	Now Trending for Cyber Week	NULL	NULL	NULL	NULL
HEADER	H62	INSPIRED BY YOU	NULL	NULL	NULL	NULL
HEADER	H63	FEATURED FOR YOU	NULL	NULL	NULL	NULL
HEADER	H64	The It List: Shop The Patterned Suit	NULL	NULL	NULL	NULL
HEADER	H65	The It List: Shop The Backpack	NULL	NULL	NULL	NULL
HEADER	H66	JUST FOR YOU: PICKS FROM THE IT LIST	NULL	NULL	NULL	NULL
HEADER	H67	More Like This..	NULL	NULL	NULL	NULL
HEADER	H7	customers also shopped	NULL	NULL	NULL	NULL
HEADER	H71	Customers who bought this also shopped…	NULL	NULL	NULL	NULL
HEADER	H72	Based on v_productName	NULL	NULL	NULL	NULL
HEADER	H8	customers also loved	NULL	NULL	NULL	NULL
HEADER	H9	CUSTOMERS ALSO VIEWED	NULL	NULL	NULL	NULL